"[3472, 2944, 557, 9232, 3389, 1761, 9215, 949, 1016, 6263, 9797, 9186, 13006, 1970, 6307, 2169, 2375, 1908, 6058, 6316, 1328, 2548, 11145, 3853, 616, 13881, 3581, 13335, 5524, 11958, 3515, 4364, 552, 13628, 1423, 2482, 3304, 1336, 7618, 197, 8255, 3297, 843, 5704, 10164, 5777, 1079, 1592, 13384, 5930, 9787, 8320, 6013, 2249, 13106, 1754, 3881, 12856, 2640, 13793, 2862, 10131, 13581, 12050, 2253, 7339, 133, 1422, 2341, 1520, 8703, 5803, 5646, 10128, 2334, 3026, 3659, 2570, 2985, 2808, 247, 9255, 1728, 7513, 7374, 3545, 5725, 239, 8784, 12110, 6380, 10140, 3117, 5728, 3630, 2002, 2851, 2537, 9103, 9175, 5665, 11828, 6719, 1174, 3757, 1119, 8951, 8257, 2449, 3819, 13671, 3359, 1295, 3973, 764, 2932, 8744, 8124, 9272, 1310, 14096, 2820, 9832, 2154, 6364, 3033, 688, 793, 6465, 2912, 619, 13371, 7611, 13131, 2593, 591, 13209, 11892, 5458, 7854, 7572, 8809, 11799, 13334, 3505, 2584, 1083, 3988, 5806, 2847, 5628, 7642, 5561, 2242, 2468, 3112, 6331, 7333, 260, 1515, 755, 78, 2665, 2663, 8357, 13802, 2111, 6867, 4091, 8308, 431, 797, 8089, 2327, 5941, 3823, 11111, 1345, 6186, 1246, 2296, 11805, 4314, 6780, 12039, 3707, 8632, 6360, 6348, 1854, 2989, 13476, 1212, 767, 11331, 7368, 6736, 2630, 685, 4352, 7711, 2643, 1436, 9850, 2184, 7246, 5905, 6259, 3215, 13372, 5751, 790, 1015, 2071, 1418, 1672, 2658, 8152, 5594, 7981, 7280, 7717, 11997, 8199, 813, 1297, 1580, 1810, 402, 2330, 10753, 11955, 3577, 2574, 3613, 5574, 1396, 1560, 12059, 7140, 1742, 3459, 2194, 5765, 13214, 2016, 648, 5551, 45, 4174, 5413, 3404, 408, 13135, 5832, 1803, 1260, 11290, 1433, 588, 12011, 116, 3418, 234, 5669, 3976, 3598, 11916, 6717, 6829, 11904, 6107, 6170, 5683, 1641, 657, 5929, 631, 7201, 1067, 6834, 5569, 6788, 10937, 1392, 7464, 7263, 6004, 1480, 6806, 7597, 3517, 4274, 2628, 3394, 11869, 11293, 9394, 9777, 11938, 3334, 13373, 713, 3599, 4187, 1426, 1549, 502, 288, 3742, 2346, 7320, 4218, 3683, 218, 9068, 8243, 2299, 628, 2148, 6220, 11178, 3685, 1468, 2042, 8352, 5696, 281, 1329, 816, 22, 5843, 9107, 3525, 4286, 5760, 6341, 3132, 10748, 1745, 1390, 1131, 1271, 6955, 6207, 2714, 5535, 8633, 3238, 8395, 6224, 2544, 11811, 5999, 86, 2563, 3266, 8080, 11973, 3480, 4111, 1353, 11473, 3695, 2518, 5568, 1820, 7501, 7485, 5910, 3979, 2257, 12951, 5890, 6933, 373, 3865, 3487, 3428, 5740, 1317, 1766, 8994, 862, 25, 5969, 1004, 8834, 8230, 9071, 13398, 6743, 1648, 3475, 11479, 244, 3062, 31, 5686, 266, 11878, 3246, 11793, 11985, 2799, 2469, 3839, 722, 9393, 5717, 953, 3667, 12052, 3207, 6172, 200, 5443, 4124, 802, 924, 6798, 415, 8926, 9377, 13498, 6840, 1562, 11981, 2463, 8500, 5705, 6755, 6878, 5697, 9149, 2587, 8890, 6285, 9243, 8194, 5856, 9417, 2321, 227, 1123, 7251, 12984, 1510, 2839, 6930]"
"[14086, 6485, 3177, 12675, 3886, 5650, 2267, 13483, 166, 2315, 13266, 6807, 4257, 3395, 13357, 4195, 7021, 1970, 2455, 3347, 13880, 3056, 200, 7383, 10161, 491, 7195, 13713, 3137, 3163, 1985, 7486, 446, 7260, 13643, 6747, 1566, 2770, 8221, 964, 13829, 3021, 3836, 2840, 9190, 3851, 186, 6289, 4216, 8826, 146, 4141, 6303, 6310, 6460, 3537, 4345, 2300, 4124, 9412, 4219, 3113, 10121, 13502, 2400, 13648, 7885, 324, 11959, 2506, 3397, 8200, 2694, 7209, 2494, 9193, 6022, 10149, 3854, 1506, 8967, 6383, 7251, 432, 3245, 1837, 1015, 5604, 11988, 508, 5845, 5586, 13176, 6961, 145, 6939, 8658, 10378, 1257, 1301, 3783, 6719, 2740, 8273, 7107, 2095, 2653, 325, 2086, 3608, 6445, 8395, 1080, 1643, 5745, 8409, 1780, 11903, 1611, 11909, 3960, 7550, 827, 4371, 12039, 8087, 3264, 1478, 8503, 7464, 9873, 11721, 764, 3622, 1575, 8604, 3837, 7675, 11353, 13695, 3174, 5681, 6945, 2627, 7384, 8975, 8069, 12163, 12003, 7938, 7470, 11299, 4096, 1383, 13497, 197, 1156, 8217, 9104, 7335, 8513, 1520, 3667, 3121, 554, 1119, 1592, 520, 7642, 394, 690, 4006, 3383, 1021, 7086, 1039, 1438, 1572, 7811, 4024, 11438, 13155, 8297, 12918, 2667, 5644, 3861, 6466, 3524, 7000, 11479, 8192, 7191, 3333, 2686, 2624, 499, 5723, 6288, 6151, 9186, 11809, 6845, 844, 7591, 8349, 9759, 8779, 2304, 8708, 5737, 1374, 1553, 8122, 7324, 6390, 9179, 721, 181, 6787, 13248, 5675, 109, 2059, 7125, 504, 492, 3720, 7261, 1158, 1116, 7297, 478, 6386, 8763, 631, 3816, 3398, 13592, 9076, 2111, 1108, 11941, 7323, 63, 3295, 464, 1472, 3363, 3037, 1444, 9390, 910, 7499, 2733, 5503, 8655, 8435, 7426, 3125, 12009, 7354, 1244, 7106, 13562, 7935, 2985, 7820, 1756, 2497, 3044, 1385, 2774, 1147, 7780, 11842, 5506, 1294, 11354, 6128, 6887, 378, 3107, 12311, 6261, 6381, 4182, 13635, 11720, 2514, 7868, 13552, 3586, 3024, 3901, 7511, 667, 6077, 2690, 1683, 4011, 3233, 5934, 3944, 809, 11452, 1936, 7503, 2920, 3705, 9766, 6768, 4078, 501, 5835, 1749, 5996, 8348, 4065, 8142, 8772, 7408, 1313, 6740, 3593, 7909, 846, 13583, 6295, 6954, 2709, 1129, 8438, 5918, 5447, 3388, 10802, 2926, 2322, 3213, 7353, 6271, 3946, 1682, 93, 7648, 3352, 2646, 1830, 2535, 6213, 12104, 8812, 1739, 850, 2031, 5916, 6047, 1135, 7037, 13718, 8815, 40, 11740, 9796, 6010, 5631, 1597, 1404, 562, 9938, 1827, 7723, 1045, 8928, 6743, 12006, 7618, 1194, 5735, 4043, 4058, 1810, 2990, 2767, 13423, 3579, 13677, 918, 8250, 1488, 1204, 2260, 8123, 386, 1253, 41, 290, 9791, 7599, 3273, 11775, 3877, 1809, 3868, 11071, 754, 12018, 8944, 11816, 1236, 8224, 2973, 3144, 1695, 4213, 3415, 1249, 7205, 13382, 7204, 6019, 2823, 7263, 2036, 921, 4262, 3086, 7130, 7813, 5445, 3774, 1529, 11352, 8138, 5933, 895, 12044, 241, 2858, 3963, 1243, 11935, 3575, 2472, 2539, 7369, 5790, 6723, 11867]"
"[2587, 1071, 2616, 9146, 11928, 526, 2401, 14099, 6712, 2028, 5746, 1981, 709, 1827, 2948, 3561, 5611, 6839, 643, 1604, 4174, 8344, 13336, 6999, 8664, 2887, 1410, 2584, 424, 1737, 1102, 9784, 8148, 5911, 11684, 4388, 195, 8869, 2873, 109, 8302, 237, 427, 8624, 11090, 5933, 5760, 6268, 11268, 7255, 1467, 9100, 9872, 1917, 7259, 5410, 3064, 2305, 1341, 2900, 2543, 10165, 6969, 7085, 2960, 11786, 3887, 8752, 7301, 2449, 1354, 6069, 336, 963, 1386, 623, 3287, 9766, 9245, 1563, 5528, 13553, 3130, 3446, 942, 3723, 2769, 3798, 4129, 3931, 8698, 30, 3132, 8968, 5755, 6310, 827, 8141, 7962, 1653, 11048, 7868, 6263, 4214, 1371, 795, 2483, 6736, 9136, 11809, 6426, 39, 9419, 13365, 4184, 11939, 3810, 6318, 4342, 1540, 3582, 5670, 9193, 8872, 4109, 5791, 2476, 13491, 7941, 968, 2605, 5905, 6399, 2394, 2593, 3542, 3398, 529, 1434, 12948, 1830, 557, 603, 2187, 9079, 1792, 6125, 59, 13421, 2991, 8286, 3990, 6390, 6192, 6304, 3829, 938, 5583, 5749, 1786, 1416, 9792, 13599, 3811, 2254, 240, 4022, 265, 956, 1710, 3586, 8559, 3352, 3985, 1500, 2750, 8244, 5783, 4009, 4352, 4304, 412, 2690, 9233, 7597, 14109, 205, 8095, 7371, 2440, 3876, 11035, 6410, 7177, 5511, 3642, 1683, 8291, 7519, 4373, 2196, 7179, 7307, 14103, 13334, 5963, 1689, 5793, 10145, 6962, 2326, 4080, 11098, 7088, 13364, 670, 11987, 2958, 2164, 773, 10178, 2997, 12087, 10803, 9739, 9397, 238, 7648, 4031, 9492, 6014, 4247, 1057, 5750, 1442, 1745, 2520, 971, 9183, 10295, 7383, 3016, 634, 1942, 551, 1174, 6163, 2633, 1080, 4193, 8284, 430, 833, 2790, 4021, 11177, 4356, 6713, 1589, 6330, 11974, 1908, 6134, 6078, 2105, 13388, 2278, 7199, 8249, 622, 7494, 6027, 3891, 8267, 2535, 10141, 3612, 2725, 6522, 9409, 5842, 535, 3483, 9089, 11960, 3245, 7830, 1185, 7207, 8622, 161, 191, 6819, 2311, 13716, 7924, 8165, 4091, 3028, 11031, 13494, 3596, 2524, 6860, 297, 1535, 86, 11999, 2832, 3707, 1360, 4201, 4322, 6911, 3344, 3695, 9821, 7893, 3148, 44, 3097, 1257, 1468, 6116, 981, 2936, 3781, 62, 2885, 1600, 5676, 487, 657, 7012, 4225, 2274, 9418, 3846, 6137, 2996, 5864, 3523, 5710, 4209, 11798, 3761, 1887, 7869, 3864, 7461, 7372, 1787, 517, 5810, 6985, 3491, 6302, 3066, 2063, 3485, 11882, 11257, 9939, 2176, 11179, 4148, 6120, 11744, 1559, 13724, 673, 11032, 6190, 10370, 1372, 12946, 3923, 5748, 596, 722, 6119, 11938, 1709, 1685, 1173, 2764, 3418, 13626, 6800, 5950, 648, 7353, 1880, 4216, 11986, 8868, 5491, 876, 1463, 9065, 1186, 310, 2840, 13608, 5797, 5444, 6026, 901, 3521, 994, 1612, 5447, 216, 2731, 67, 1527, 2192, 2454, 884, 5721, 1165, 1826, 3471, 3945, 2042, 4222, 1573, 3938, 3780, 7904, 3986, 6164, 5776, 1068, 11722, 3830, 2139, 8793, 9241, 11079, 11884, 5567, 6032, 8648, 6961, 2855, 13212, 10155, 1528, 7841]"
"[11207, 1672, 1329, 6454, 13583, 5609, 2033, 7192, 540, 3157, 7579, 8278, 2008, 12027, 763, 2696, 7353, 8187, 10141, 5871, 8538, 4104, 3773, 227, 13722, 7469, 9044, 4273, 3987, 7081, 897, 13233, 3620, 612, 2106, 5587, 3378, 13210, 2350, 7565, 8321, 4010, 5671, 4204, 6894, 609, 11999, 405, 3052, 2638, 380, 2283, 1266, 3873, 3180, 5723, 4368, 480, 8801, 3803, 1760, 2259, 4262, 6944, 11930, 874, 5621, 9182, 4154, 2991, 11355, 258, 3461, 3490, 5491, 4306, 11908, 542, 3445, 7010, 8227, 13400, 6076, 673, 733, 2386, 3678, 6735, 3588, 5602, 2967, 1423, 2495, 841, 7341, 13598, 11802, 7437, 3345, 2133, 8333, 6935, 3605, 829, 5581, 6410, 13599, 13466, 7480, 6101, 5612, 915, 718, 1116, 3245, 1042, 2780, 7272, 8106, 3131, 1678, 8661, 12044, 4284, 820, 3277, 7599, 8087, 5942, 3730, 692, 2012, 11934, 2487, 5657, 2486, 4166, 8095, 2871, 8516, 3060, 7494, 3968, 2237, 1330, 8156, 1974, 307, 11756, 13648, 7557, 11779, 844, 7594, 5707, 5809, 3738, 1813, 489, 3937, 1488, 3183, 6478, 1459, 11269, 6907, 153, 1522, 5435, 122, 3679, 8639, 1224, 13802, 6282, 3551, 2829, 794, 11206, 1772, 5566, 1866, 3340, 8503, 8320, 2692, 2534, 11946, 2852, 965, 1794, 3419, 385, 714, 764, 3223, 6742, 11987, 7582, 8693, 3294, 10106, 1599, 8935, 2671, 7777, 11937, 12020, 5807, 1966, 8979, 1106, 5908, 3117, 4059, 409, 3061, 2018, 3748, 11743, 1366, 1871, 1108, 5715, 951, 6291, 8252, 3387, 1378, 3553, 8932, 13429, 3484, 1279, 7120, 3481, 5731, 8086, 5710, 2395, 3665, 5750, 13265, 1726, 1576, 11899, 6347, 3914, 159, 2812, 6152, 11738, 7587, 11004, 945, 13572, 11073, 7377, 3943, 1682, 5546, 4351, 2922, 2714, 1275, 6259, 1242, 1436, 1695, 143, 4215, 6170, 2305, 8708, 1383, 13375, 1277, 1004, 31, 6759, 5764, 1297, 11751, 2377, 2777, 5500, 3664, 6915, 183, 13532, 10057, 5902, 5706, 2644, 3261, 1130, 11970, 901, 8417, 7394, 2993, 8620, 95, 6740, 1694, 2019, 2653, 11863, 5428, 1816, 13306, 1507, 5762, 13158, 2245, 1316, 1814, 8961, 4339, 801, 2384, 1085, 3859, 2293, 45, 2599, 2463, 3253, 13483, 2409, 3513, 9796, 9397, 6058, 13271, 4193, 11081, 8118, 13793, 2103, 80, 3382, 6427, 1034, 3709, 3883, 2083, 5856, 982, 3149, 1659, 10804, 2691, 3649, 7879, 553, 604, 7619, 2239, 1521, 5939, 3322, 5749, 12037, 12022, 420, 1452, 3531, 8090, 8199, 8113, 373, 2585, 1741, 1074, 11170, 3463, 4185, 6467, 12039, 2942, 2038, 12051, 13460, 13626, 808, 13389, 11386, 9779, 2930, 7035, 3928, 8952, 4111, 481, 12055, 9305, 1601, 927, 2561, 8215, 3832, 1312, 1952, 671, 401, 8322, 5734, 8511, 6176, 4308, 8853, 1971, 4, 899, 7841, 337, 6257, 3237, 7551, 6044, 3830, 7419, 11790, 2509, 11927, 1425, 3106, 7691, 637, 7584, 1502, 3215, 860, 842, 2479, 4352, 1604, 11953, 7254, 3613, 13622, 4362, 6360, 11685, 1636, 5568, 104, 1731, 13513]"
"[422, 591, 5523, 386, 7003, 13154, 5653, 2914, 2033, 13358, 7879, 3556, 5623, 2446, 3937, 13176, 12014, 7861, 5773, 10128, 2932, 1853, 358, 4078, 13415, 10753, 6283, 7101, 1767, 3866, 3671, 1893, 10163, 5404, 2756, 1340, 7229, 3916, 693, 1512, 13342, 7894, 4383, 1571, 7191, 1172, 13479, 2863, 485, 2920, 28, 2078, 7792, 4229, 7116, 3885, 8980, 5848, 12219, 3454, 1538, 2301, 3244, 2805, 629, 13112, 2196, 1874, 7634, 2544, 9753, 9533, 8459, 2166, 6466, 8712, 2763, 11644, 2934, 8188, 2737, 7787, 12051, 9943, 311, 5434, 3927, 8623, 541, 7650, 6355, 3291, 11887, 12004, 5810, 2722, 3347, 3696, 3423, 898, 1193, 13210, 2601, 8793, 2316, 497, 6825, 7835, 2848, 2813, 10145, 6425, 9413, 1110, 4183, 11906, 4326, 6315, 1980, 3000, 6154, 124, 3097, 5802, 525, 9825, 3272, 5921, 370, 11713, 11229, 2674, 3962, 6149, 3301, 11852, 6095, 2843, 353, 1592, 3246, 5424, 1454, 7161, 3496, 7026, 7813, 695, 540, 5464, 3591, 511, 3809, 4304, 1057, 7565, 6325, 6464, 5571, 1474, 2643, 1429, 8267, 820, 8244, 1821, 3644, 6288, 3676, 5775, 11134, 3531, 9042, 8430, 9759, 9935, 4189, 8508, 2042, 6868, 5621, 2820, 1358, 6027, 950, 11178, 2392, 3058, 8353, 2613, 3023, 1256, 1654, 1141, 3592, 12856, 9103, 2960, 3267, 3720, 10096, 1097, 8984, 2518, 4023, 13403, 6304, 3276, 9888, 2007, 13402, 735, 6725, 3680, 2847, 13482, 2626, 944, 1176, 1879, 175, 5941, 9868, 13080, 387, 670, 3251, 3089, 7598, 13268, 7398, 2173, 109, 1376, 7059, 7333, 1339, 8701, 2562, 978, 6914, 12069, 6973, 458, 8660, 336, 2245, 44, 6169, 8671, 1247, 7986, 8221, 5536, 3525, 4086, 3429, 917, 3034, 11258, 8979, 1461, 6479, 1370, 8577, 5582, 11765, 1542, 6880, 7660, 6733, 3956, 1713, 119, 5670, 2992, 7523, 4040, 2260, 2271, 1031, 5765, 570, 7670, 1257, 8091, 925, 2879, 3388, 2675, 1833, 430, 4119, 3586, 8215, 78, 3633, 1574, 7075, 2451, 1338, 11684, 882, 3726, 6311, 2732, 3687, 9419, 746, 5845, 1403, 8866, 5916, 5682, 5419, 443, 9481, 11831, 8935, 5876, 6106, 3482, 5833, 3383, 2335, 210, 7816, 1653, 3128, 7256, 136, 855, 11407, 10129, 5688, 7360, 874, 1641, 10939, 11845, 2724, 9521, 8998, 490, 3890, 3568, 2714, 7376, 8495, 7226, 6272, 2327, 288, 142, 8670, 3929, 1914, 1807, 901, 6744, 7583, 11834, 7204, 1522, 1425, 3404, 455, 2908, 3545, 1255, 20, 9163, 587, 46, 13370, 13695, 8350, 1971, 12021, 31, 326, 13097, 797, 7217, 2028, 2561, 5803, 1067, 3211, 3105, 5705, 2969, 1679, 11964, 2063, 984, 3512, 3639, 4117, 1947, 7157, 1483, 2966, 5470, 6263, 249, 11915, 496, 5715, 1391, 3430, 8234, 725, 374, 272, 836, 5936, 2907, 657, 3914, 11153, 11961, 3773, 11740, 2044, 1471, 3066, 11022, 1225, 2384, 6173, 9139, 2715, 3129, 872, 6407, 2770, 4172, 7536, 3014, 592, 7254, 8933, 1259, 13004, 3336, 8089, 2127, 992, 7261]"
"[11205, 10128, 6824, 965, 11193, 696, 8277, 227, 1537, 5574, 9178, 3205, 6181, 1159, 7510, 7662, 7453, 6219, 3264, 4342, 9182, 2709, 2315, 7187, 750, 1475, 8480, 3260, 1754, 11067, 1458, 3616, 11890, 6075, 6376, 8126, 11835, 3297, 6399, 6964, 539, 2833, 1286, 7505, 1512, 3147, 933, 7087, 3424, 991, 3614, 51, 13439, 715, 11357, 2660, 7522, 3011, 3459, 989, 265, 1386, 9249, 13458, 5783, 9273, 3397, 9008, 1408, 550, 11738, 13626, 7714, 622, 3061, 13342, 8149, 6738, 6080, 391, 3906, 3704, 13792, 12087, 844, 707, 920, 7364, 7302, 6753, 3792, 6798, 11789, 1925, 5732, 12183, 404, 6074, 7417, 3117, 10, 746, 5464, 10142, 1086, 13601, 13717, 13373, 483, 5597, 9380, 2643, 3010, 9542, 3874, 240, 665, 5512, 3054, 8628, 3087, 10744, 1216, 5930, 448, 11848, 2780, 11920, 6032, 5725, 2217, 591, 9089, 1755, 1726, 426, 1194, 3245, 2967, 808, 1637, 6922, 1657, 3940, 6255, 3920, 13233, 804, 4015, 629, 3399, 1081, 193, 8248, 3600, 13545, 1787, 390, 5693, 1681, 3767, 3347, 7275, 6037, 2225, 11817, 11802, 1782, 872, 2734, 5953, 6849, 213, 839, 1762, 3521, 8005, 7059, 7377, 446, 5505, 13511, 1517, 7675, 6379, 7768, 4319, 114, 3909, 242, 983, 4159, 2755, 3487, 13668, 197, 11764, 10171, 266, 676, 786, 916, 2571, 2957, 1249, 3223, 3629, 7451, 6010, 6204, 9187, 95, 3787, 2317, 6342, 3973, 1317, 1870, 3453, 2072, 256, 637, 13370, 6199, 1990, 8924, 13758, 493, 3988, 3863, 1627, 9068, 2920, 5952, 11110, 2366, 11801, 819, 1721, 5911, 4182, 9406, 7301, 3689, 6030, 11874, 6116, 3178, 959, 8136, 3497, 2806, 6769, 1648, 1137, 9218, 9500, 7294, 11946, 7658, 2260, 5774, 2093, 515, 1254, 1301, 6303, 4272, 4101, 384, 11268, 3913, 6318, 7068, 726, 7473, 2493, 1080, 13130, 3548, 1121, 4186, 1767, 7086, 3816, 7514, 1133, 6420, 1985, 2694, 7125, 8138, 3434, 8249, 6808, 11773, 8949, 3932, 7456, 6177, 6307, 2797, 2437, 11740, 8994, 755, 836, 880, 7085, 453, 3235, 800, 3063, 9244, 6825, 8604, 2110, 1182, 1515, 1147, 198, 11752, 4226, 254, 9943, 13471, 6143, 3421, 8796, 2220, 2804, 4071, 452, 736, 6487, 6013, 8763, 2532, 8998, 7563, 10129, 11911, 919, 6292, 2695, 11431, 3433, 13696, 10139, 13625, 4039, 2399, 679, 1316, 12163, 852, 54, 982, 2993, 11780, 1242, 2041, 7979, 6171, 309, 5786, 3514, 6036, 1297, 9225, 8276, 4290, 1959, 2762, 6272, 9088, 12033, 3460, 2284, 7588, 3170, 6911, 3694, 2, 4256, 7552, 8802, 565, 10800, 3669, 3161, 1947, 3743, 3362, 1631, 3029, 5995, 5406, 5807, 1229, 5430, 6823, 1045, 1905, 13714, 13467, 1186, 2752, 7730, 1342, 4313, 1600, 5551, 1498, 6192, 2228, 11828, 2003, 7033, 3706, 8980, 13114, 6310, 6424, 2600, 1844, 11823, 2560, 2300, 2615, 2283, 3163, 1686, 2788, 7069, 886, 2495, 11102, 9175, 8259, 3492, 1951, 851, 11839, 3396, 3729, 2832, 13891, 2860, 93]"
"[11993, 2384, 6855, 637, 6039, 1609, 1762, 227, 3945, 3259, 8091, 8631, 1505, 6114, 5850, 5577, 11898, 5510, 2539, 3442, 4372, 3369, 1745, 1570, 2429, 6109, 3562, 8417, 8759, 1388, 888, 11055, 6394, 2073, 13726, 7188, 3994, 3913, 4097, 237, 11753, 11933, 4357, 4149, 4057, 10117, 6409, 1243, 977, 11866, 7251, 3565, 3059, 5877, 6284, 3916, 6745, 3744, 6260, 257, 1994, 2222, 11868, 3594, 230, 8321, 9417, 6120, 6952, 6185, 13364, 11288, 13465, 8472, 217, 2821, 3695, 5880, 3868, 8096, 59, 9873, 5636, 5947, 12028, 5767, 8097, 5460, 3852, 7369, 6207, 7201, 4073, 2063, 2409, 5499, 3817, 1933, 1901, 7590, 7221, 8127, 8684, 2206, 2866, 5607, 11996, 8335, 815, 2814, 13684, 8215, 13821, 5781, 5795, 11954, 3571, 1923, 7096, 9317, 5664, 6427, 876, 3609, 3810, 259, 7411, 11950, 935, 6364, 9386, 555, 1404, 11789, 7910, 12109, 6005, 1284, 5695, 1851, 78, 1365, 7012, 13436, 8663, 784, 2030, 11743, 911, 11685, 5671, 5839, 3997, 11230, 9002, 13389, 755, 4009, 5425, 3850, 302, 6878, 3953, 1244, 139, 6239, 2861, 415, 5570, 4365, 520, 3825, 546, 5464, 2512, 13355, 3428, 8088, 11974, 12844, 3651, 7854, 1965, 358, 3937, 2008, 7295, 7183, 2084, 2425, 8798, 1484, 5714, 6069, 3743, 2154, 577, 2848, 7498, 2240, 6144, 864, 1801, 11406, 1173, 13377, 7052, 13114, 1697, 3352, 3654, 7653, 6285, 11354, 5554, 7235, 9770, 837, 14086, 6154, 3125, 11766, 2342, 1943, 1747, 2991, 2592, 3353, 4300, 3139, 7879, 3360, 7722, 13681, 8229, 1381, 8513, 13435, 18, 7773, 1256, 626, 545, 6054, 1060, 3258, 2865, 8823, 11785, 1222, 4367, 2314, 3842, 1472, 7160, 785, 2423, 6108, 6765, 7935, 1382, 2875, 685, 6369, 2158, 4268, 7265, 4052, 12015, 5529, 2893, 2958, 5754, 5776, 816, 254, 268, 2561, 11094, 1811, 8494, 407, 6304, 2725, 8274, 2376, 3141, 13372, 13356, 2005, 2763, 3060, 1437, 1070, 762, 14104, 3629, 7909, 45, 1765, 4063, 13123, 9806, 9857, 1020, 12948, 6230, 260, 8104, 6112, 2629, 8846, 4343, 13562, 2536, 1907, 4031, 5448, 1047, 1553, 6235, 4050, 5511, 5860, 537, 1605, 5774, 1237, 5598, 3301, 3720, 11009, 13370, 10752, 3818, 3965, 1871, 4010, 10171, 13126, 2567, 3413, 2377, 3543, 7496, 4355, 2882, 12950, 253, 3389, 208, 6274, 3581, 2293, 58, 13069, 13386, 7348, 1347, 2090, 13722, 3899, 3891, 648, 2844, 3494, 7362, 3351, 11754, 1097, 11140, 808, 9850, 7546, 194, 6055, 11145, 6413, 498, 9863, 7074, 8426, 13762, 5903, 8099, 11389, 8237, 1107, 8742, 7016, 7862, 1950, 3224, 6331, 5716, 928, 2678, 10747, 6341, 6233, 5911, 8606, 8248, 1831, 639, 1442, 2951, 2276, 2478, 13455, 3410, 1509, 373, 293, 6947, 5679, 29, 3325, 12219, 7839, 6016, 8713, 7982, 751, 5760, 1081, 9068, 158, 786, 3658, 9754, 3470, 4196, 9004, 6906, 5426, 6158, 5896, 1825, 5415, 2529, 2654, 11846, 1342, 5490, 7980, 3520, 803, 1914, 3172]"
"[2561, 4350, 809, 120, 3788, 7522, 1944, 8559, 8511, 6316, 1340, 6877, 1840, 502, 2998, 3263, 9899, 7827, 1966, 373, 7452, 7474, 671, 8503, 3826, 4010, 8242, 5509, 6741, 1776, 6309, 3209, 3344, 1119, 6894, 1067, 11914, 7552, 8717, 4147, 883, 8634, 6389, 3237, 6837, 7773, 7722, 7350, 5921, 13465, 11814, 7684, 9317, 4191, 3966, 213, 3138, 1693, 3944, 7596, 11972, 4095, 4105, 9308, 1483, 7671, 8968, 6295, 3593, 5856, 9140, 2051, 7421, 6080, 2162, 11963, 2976, 10952, 3931, 6780, 11881, 1972, 4051, 5690, 2830, 504, 9229, 1642, 1033, 3485, 8414, 1583, 14091, 566, 8446, 5906, 8974, 2447, 349, 11960, 3507, 3226, 5510, 13592, 11939, 6797, 8873, 3608, 251, 289, 6494, 2104, 1013, 3256, 11205, 4341, 2931, 11097, 1165, 8120, 4185, 356, 7052, 1957, 3410, 2644, 2528, 6206, 3304, 3829, 7933, 1050, 770, 737, 2790, 1196, 8225, 2972, 13624, 5508, 8221, 3060, 6209, 2021, 2541, 31, 381, 1256, 10151, 8707, 12, 1207, 3303, 40, 2800, 13754, 9474, 6424, 1698, 13735, 11845, 8034, 1868, 882, 523, 4102, 12052, 8996, 4021, 3019, 9904, 3611, 1923, 2133, 1293, 3740, 5733, 5583, 3998, 6724, 2918, 3100, 2380, 129, 3556, 3988, 3991, 1590, 3834, 7853, 1756, 3734, 13805, 2624, 6028, 5526, 2274, 6419, 3360, 8357, 63, 11945, 3299, 804, 1416, 11386, 1213, 3323, 110, 1958, 1333, 703, 238, 5680, 13487, 394, 898, 2973, 8509, 1195, 3048, 6824, 2565, 5871, 2370, 7738, 11438, 1371, 3746, 8321, 2763, 1567, 4224, 751, 3958, 479, 6076, 12045, 8744, 13711, 423, 11019, 2289, 1168, 4226, 4278, 1408, 5511, 4305, 13429, 58, 730, 13365, 6302, 6068, 3496, 2404, 3817, 3579, 8364, 6849, 3391, 3933, 6151, 2749, 1048, 8665, 5814, 13307, 1525, 6421, 3227, 8838, 5796, 5442, 7027, 6948, 9854, 4028, 3136, 1998, 8611, 2290, 6168, 2777, 5964, 6244, 6339, 10134, 12360, 12618, 11090, 2930, 6251, 1055, 3268, 2385, 1721, 5535, 7902, 2759, 13520, 3860, 6998, 1046, 11824, 3428, 3352, 1581, 8209, 13436, 6164, 5414, 1257, 11473, 8353, 6511, 2552, 126, 4149, 1806, 8165, 545, 9891, 4327, 9225, 5758, 5532, 6287, 4066, 6860, 1181, 3700, 7236, 2477, 2706, 1508, 881, 2567, 1635, 7872, 5714, 13131, 2662, 2990, 2737, 7181, 2130, 6800, 1669, 9828, 284, 2026, 3879, 4171, 2965, 7724, 11976, 5606, 4239, 5522, 3288, 5641, 549, 1252, 2443, 910, 2771, 7659, 5900, 11088, 2346, 5613, 10753, 903, 7589, 2847, 938, 455, 5578, 1630, 4194, 3590, 448, 705, 9402, 7253, 391, 7918, 4169, 6963, 1622, 11903, 6935, 431, 13018, 442, 4353, 348, 12010, 3298, 8860, 1506, 4380, 3917, 375, 11209, 1479, 3888, 8029, 7999, 7068, 13636, 13372, 1999, 5760, 7458, 3198, 3823, 2031, 7962, 1626, 7201, 13377, 1053, 986, 6414, 13668, 7704, 4257, 99, 11917, 8499, 3205, 700, 6764, 5935, 9205, 13471, 7122, 7382, 9406, 768, 4064, 6269, 14088, 1392, 13777, 12012, 14095]"
"[2702, 8394, 1145, 3814, 2091, 3081, 771, 549, 8395, 2660, 644, 6368, 1046, 4078, 8510, 215, 14095, 1510, 3708, 3994, 2951, 6172, 1511, 3962, 8180, 7513, 11332, 570, 11094, 2558, 5765, 7056, 2132, 1629, 9237, 3570, 3709, 1071, 11769, 5434, 5687, 7143, 7837, 6414, 5853, 2029, 208, 560, 442, 7367, 3990, 10117, 8300, 5763, 7591, 3571, 808, 3898, 11200, 12009, 7904, 113, 11019, 8446, 1771, 1756, 5617, 1038, 7822, 1163, 1546, 11775, 7653, 12019, 1759, 13372, 7587, 1688, 9178, 2469, 3968, 5913, 7731, 2487, 13339, 3628, 5740, 7495, 531, 511, 6270, 7510, 11170, 5997, 14105, 8950, 3289, 7323, 8750, 7714, 809, 1253, 4208, 7508, 1450, 10800, 6128, 4052, 230, 8759, 794, 2444, 5941, 366, 7514, 8053, 8972, 1761, 3949, 6776, 11778, 11685, 11943, 285, 5437, 8850, 4151, 5953, 2860, 703, 4348, 10148, 6176, 8777, 92, 411, 9754, 1815, 6458, 7382, 2284, 1885, 6716, 4352, 12104, 1518, 1434, 462, 8412, 5704, 6312, 8996, 567, 7093, 6175, 2048, 943, 1294, 6010, 6924, 7456, 270, 13120, 13500, 2938, 6746, 3041, 7332, 11768, 4186, 6997, 1733, 8093, 2930, 3056, 1945, 959, 568, 2989, 3117, 2086, 5563, 3717, 1303, 7037, 11878, 7486, 11995, 3325, 1225, 3249, 1455, 2621, 1432, 1298, 3363, 3460, 3794, 3597, 5535, 7475, 4051, 378, 144, 13829, 7336, 11772, 1399, 3654, 3014, 1743, 3680, 142, 534, 10370, 7464, 11177, 2622, 6346, 12024, 5635, 2956, 4148, 3448, 5589, 141, 1772, 11055, 1238, 347, 1202, 9236, 1960, 14093, 11273, 1559, 3765, 4034, 7107, 418, 301, 158, 6286, 5566, 2791, 115, 1541, 4256, 9753, 11821, 1088, 7214, 7353, 977, 535, 125, 13387, 11910, 6823, 3544, 9065, 5573, 425, 6252, 2812, 5565, 3714, 3336, 3346, 1306, 9795, 2447, 2025, 3378, 2001, 4062, 1618, 6228, 9874, 3534, 6334, 13805, 5677, 470, 8501, 2477, 11822, 13609, 7693, 8084, 5922, 3527, 10745, 4043, 6917, 3821, 1855, 13606, 6294, 2275, 13176, 7810, 719, 5701, 10545, 2745, 799, 1738, 768, 1896, 7136, 12031, 734, 13267, 8187, 8982, 2592, 3672, 11918, 13760, 422, 6072, 8280, 9378, 7494, 3833, 3957, 9935, 2041, 2778, 12163, 6141, 2307, 9026, 11889, 6455, 9417, 2455, 5430, 10941, 13123, 13022, 8260, 2101, 933, 689, 8634, 2990, 3129, 5915, 1609, 6914, 3170, 7191, 798, 7817, 8136, 3301, 2497, 3010, 13126, 7206, 11101, 2877, 5911, 2993, 13361, 3022, 13489, 2090, 5487, 6076, 389, 286, 7466, 2117, 11355, 7559, 787, 9107, 5791, 11951, 13257, 6478, 1918, 2854, 8267, 3572, 441, 1920, 100, 8601, 7312, 2479, 3296, 7903, 782, 12006, 2706, 8693, 5615, 8925, 7469, 9407, 11086, 245, 6735, 3836, 4359, 7085, 865, 9104, 8461, 1482, 11798, 1921, 1606, 11801, 11969, 5907, 426, 982, 8538, 2195, 1906, 12217, 886, 3488, 12054, 3694, 1234, 1504, 10802, 8360, 2864, 520, 6311, 13404, 6967, 2032, 11785, 3664, 7196, 85, 13177, 11909, 91, 4209, 5609, 7181]"
"[2589, 3551, 3863, 13891, 11925, 3445, 11831, 12931, 8894, 3467, 2131, 2386, 5687, 8113, 7266, 6841, 8141, 1364, 7474, 224, 3368, 420, 5842, 7684, 11479, 1915, 3631, 5777, 7800, 6727, 462, 285, 543, 5504, 3709, 11094, 867, 2339, 1278, 992, 3320, 68, 6477, 204, 6992, 3588, 8617, 1625, 7929, 2256, 6058, 226, 2771, 4155, 11928, 3019, 8746, 13771, 5456, 7371, 3175, 919, 2117, 8980, 729, 13763, 221, 3550, 5795, 2641, 1218, 3807, 12006, 5810, 3574, 6399, 12844, 2583, 7495, 3457, 5406, 3187, 3539, 8538, 3872, 150, 5705, 246, 2337, 2699, 13271, 3965, 2864, 3012, 392, 709, 1658, 415, 4026, 362, 7446, 5770, 3008, 494, 3396, 1891, 8867, 1788, 3654, 6824, 5883, 6134, 7140, 4177, 1796, 1797, 3526, 9766, 12980, 6816, 2871, 11139, 11991, 1053, 2383, 3077, 2374, 1029, 8752, 1615, 2297, 5989, 1945, 3669, 753, 4058, 398, 608, 13621, 1882, 11916, 2724, 432, 1246, 7837, 6203, 112, 4216, 8355, 3851, 9793, 13628, 2890, 5562, 1506, 1846, 8690, 7046, 7411, 7312, 9850, 7101, 11438, 6232, 10942, 8394, 2082, 2909, 6215, 1254, 8105, 5, 1936, 5488, 2664, 5894, 675, 6878, 1604, 580, 2381, 7503, 3381, 1505, 1272, 2790, 2518, 460, 737, 5492, 1880, 2935, 3607, 7014, 3432, 2371, 12011, 22, 11790, 1682, 1314, 3978, 3617, 3655, 7418, 6161, 2917, 5906, 3495, 4139, 1574, 396, 3646, 11005, 929, 3039, 6924, 457, 3745, 8713, 5539, 320, 8509, 13402, 3754, 34, 1771, 7095, 6860, 2885, 1889, 5807, 3172, 3522, 6266, 1570, 8178, 1117, 2286, 3483, 3167, 1761, 1269, 8943, 9866, 3016, 208, 12673, 8559, 6291, 5595, 13490, 7426, 2640, 1860, 10162, 51, 7586, 734, 3170, 2302, 1488, 1139, 4024, 3213, 3406, 2158, 3080, 13584, 1349, 13609, 4143, 4338, 899, 5803, 2916, 7370, 6147, 6723, 1683, 6344, 6151, 3786, 9091, 6374, 7720, 13492, 7340, 3307, 11100, 3674, 6034, 325, 1900, 1230, 6733, 3984, 1608, 2851, 8740, 9156, 11810, 1829, 3215, 1137, 6137, 5585, 1336, 7188, 1881, 2457, 4357, 8365, 578, 5756, 8007, 6142, 6997, 4344, 6334, 308, 7016, 5895, 6123, 6898, 5700, 6769, 1976, 7467, 3652, 3259, 7021, 4313, 1294, 2554, 5625, 7059, 3448, 7489, 430, 5473, 1395, 995, 8380, 3505, 2888, 2671, 443, 9860, 13121, 3357, 12053, 1025, 29, 5967, 881, 3088, 12042, 7655, 7240, 872, 1934, 9411, 1262, 5861, 584, 560, 3870, 3769, 3947, 11907, 9238, 13630, 2453, 3737, 2548, 642, 192, 5520, 1740, 1611, 6402, 11929, 7573, 2582, 888, 3014, 12020, 7981, 8526, 7229, 6364, 6421, 13580, 7184, 2271, 519, 2048, 7980, 7634, 3494, 2927, 3720, 12796, 2320, 1174, 11832, 4016, 283, 6392, 5786, 933, 7925, 92, 85, 13880, 11782, 1303, 2429, 6366, 11932, 79, 1035, 8480, 290, 8285, 1537, 6001, 1458, 12035, 478, 7105, 3826, 7769, 2037, 3153, 2428, 1989, 3540, 7242, 11846, 490, 652, 1089, 5874, 6798, 11798, 2732, 3186, 1197]"
"[3564, 2278, 2083, 690, 7456, 558, 1670, 2297, 7499, 6238, 4180, 11035, 1773, 1913, 8876, 3716, 6011, 7469, 157, 13155, 1943, 8812, 3221, 5646, 3012, 8302, 11807, 1816, 11920, 2649, 13630, 1825, 6723, 708, 2744, 5520, 5885, 1341, 7495, 7867, 762, 6797, 13456, 930, 12921, 1489, 14095, 8442, 3020, 2606, 2215, 11011, 2534, 5996, 6432, 7184, 13268, 2336, 5726, 540, 2875, 6773, 1606, 6883, 6740, 5485, 2295, 5688, 1196, 1173, 2504, 2758, 3325, 9864, 1997, 829, 981, 11134, 2252, 946, 7186, 7333, 13438, 7428, 3256, 3215, 3068, 4321, 7863, 6376, 3208, 2426, 3078, 5686, 2435, 1677, 1076, 3785, 4318, 10145, 478, 11074, 4388, 3654, 5994, 2735, 885, 2093, 6029, 8653, 3104, 11993, 10940, 2273, 12310, 812, 1718, 1029, 1468, 3396, 6234, 12022, 10831, 3468, 1715, 1031, 2618, 3297, 2325, 12918, 11942, 1348, 4101, 6829, 5880, 3609, 6399, 11812, 2290, 8711, 5460, 1959, 2366, 1671, 1599, 1912, 1233, 2874, 3130, 1528, 7208, 11770, 9860, 5486, 6341, 3778, 3818, 9771, 10363, 7204, 2365, 644, 8927, 6326, 8460, 2761, 274, 10186, 6085, 6004, 5755, 3790, 8963, 24, 2114, 915, 325, 1315, 8777, 8709, 12096, 430, 1146, 12469, 7188, 544, 8506, 77, 5492, 13066, 1600, 2593, 8334, 3015, 3185, 1696, 13368, 919, 17, 13360, 10148, 3435, 4139, 11436, 3386, 6312, 8802, 500, 2401, 9905, 11352, 6032, 217, 10128, 3108, 9146, 3143, 2341, 6221, 2556, 8933, 3159, 3184, 3876, 453, 2000, 12165, 6868, 1975, 2554, 1643, 1513, 5982, 7869, 1610, 6301, 7898, 4174, 8681, 3356, 3002, 6777, 1465, 6404, 4292, 1970, 6816, 1957, 219, 331, 7467, 5913, 3228, 789, 6078, 13398, 863, 3834, 3861, 440, 1539, 11146, 4328, 6220, 6101, 11910, 1144, 13597, 9776, 3773, 7396, 176, 3245, 5497, 10149, 11966, 1440, 13575, 13716, 1407, 2168, 14087, 964, 7280, 3489, 11987, 12045, 709, 116, 5951, 5628, 6722, 5592, 6240, 5811, 1574, 11958, 237, 350, 7861, 1224, 3517, 2076, 7, 2850, 4265, 6332, 3467, 8244, 9428, 3167, 6477, 1859, 8480, 7862, 4088, 3962, 6493, 3636, 9244, 2805, 572, 330, 3920, 3397, 3602, 13715, 2044, 3805, 9848, 8951, 1493, 12025, 11945, 11082, 7484, 557, 5781, 743, 4077, 5946, 7447, 7180, 1620, 1683, 464, 523, 12026, 1194, 4271, 1915, 6306, 6381, 8501, 11973, 8669, 1647, 2177, 13631, 2017, 368, 4094, 2409, 3755, 8477, 3693, 11088, 8715, 9240, 8095, 2569, 8847, 2032, 564, 1356, 3300, 3269, 11985, 4372, 1192, 7461, 1286, 13562, 2602, 8792, 230, 3908, 11939, 1313, 5615, 12019, 1259, 13402, 586, 3378, 6727, 3676, 2271, 1976, 3103, 1249, 1481, 2819, 3455, 300, 2640, 11778, 770, 779, 5738, 3505, 1430, 3666, 410, 8560, 7481, 13363, 1803, 13364, 13432, 5544, 145, 9042, 8133, 5588, 3445, 8507, 9874, 2243, 3597, 5556, 2990, 1289, 5654, 6016, 6730, 1986, 1057, 11921, 573, 9797, 5670, 5663, 496, 6144, 3739, 592, 5685, 1815, 704]"
"[9492, 922, 2096, 3319, 1590, 1305, 4154, 5755, 6333, 8493, 819, 4302, 601, 6069, 13334, 3205, 571, 6306, 3044, 877, 6280, 7465, 11087, 5945, 6876, 1154, 3856, 1666, 4247, 3109, 11909, 4328, 9125, 1423, 1732, 3333, 6288, 4030, 7157, 12469, 2435, 59, 3973, 5883, 6996, 13176, 3104, 8225, 2374, 2569, 5735, 3022, 2293, 8428, 9091, 6455, 13214, 8177, 1259, 11846, 8559, 6086, 13078, 6754, 4336, 5634, 2805, 1760, 13502, 7016, 9132, 2512, 5620, 4364, 5448, 1997, 3582, 11877, 197, 6759, 10360, 8660, 2769, 498, 3587, 3864, 803, 6154, 4313, 12219, 9860, 3744, 1127, 3945, 1241, 3805, 6117, 8880, 7334, 7087, 12033, 10137, 6012, 1693, 10942, 2789, 750, 2344, 1863, 2511, 5757, 11069, 2379, 3051, 11853, 11870, 3694, 12025, 1805, 11328, 8069, 5521, 1253, 2931, 1913, 6151, 327, 8042, 3215, 1291, 12921, 1002, 1979, 591, 11996, 1718, 11839, 7872, 1654, 11855, 3750, 9798, 163, 2167, 8118, 368, 6266, 2541, 13754, 1668, 13265, 2084, 767, 1009, 1800, 6402, 4371, 1485, 3936, 1347, 13401, 8951, 694, 6183, 3277, 13474, 4253, 11020, 13762, 169, 4088, 1489, 1175, 2487, 2147, 6324, 3085, 3155, 8606, 11203, 1953, 2949, 7081, 11011, 3720, 13649, 3736, 6380, 7408, 688, 1560, 2499, 5992, 3854, 2599, 2235, 557, 3880, 8893, 2755, 266, 9225, 8538, 6146, 13361, 2986, 3485, 159, 8631, 1047, 2550, 4308, 5953, 7327, 13562, 11744, 4034, 634, 3629, 3517, 2689, 2833, 10105, 608, 8313, 896, 2787, 13771, 2896, 11201, 2158, 4257, 2756, 7879, 6309, 11995, 7595, 8639, 4004, 8188, 1410, 7912, 13490, 5438, 11983, 4262, 1848, 6071, 258, 11268, 259, 5563, 3542, 799, 2843, 3591, 2612, 589, 2075, 7335, 7033, 5590, 3555, 3773, 10, 2573, 1950, 2857, 1954, 3711, 1659, 13355, 6745, 4010, 1004, 5777, 8381, 7549, 1882, 3124, 11787, 7580, 7362, 5802, 6401, 168, 140, 9237, 1143, 2430, 730, 8931, 2440, 7840, 6944, 1705, 1299, 3236, 2351, 11930, 2686, 1639, 6218, 2261, 6153, 12957, 3163, 226, 4073, 11648, 727, 273, 3968, 3738, 7571, 968, 7095, 10017, 13805, 189, 3717, 13074, 4080, 13497, 522, 11902, 1235, 613, 7948, 832, 204, 7264, 8282, 2437, 4357, 2532, 4198, 13487, 6215, 7348, 11987, 8135, 275, 93, 3557, 5907, 446, 1537, 5807, 2136, 383, 2968, 13752, 9794, 3054, 7252, 8077, 2831, 766, 11849, 2706, 7195, 7442, 3252, 6928, 8419, 6316, 10747, 1202, 4025, 12951, 13593, 9136, 7082, 3015, 1278, 7384, 1302, 1886, 4353, 1777, 2884, 7655, 3737, 14090, 2014, 8302, 7072, 5482, 5708, 6346, 13457, 13371, 1715, 8515, 13471, 678, 2860, 13485, 6365, 8107, 5891, 5764, 3080, 3870, 9474, 13891, 7423, 3094, 1293, 1224, 9252, 6364, 3511, 649, 1387, 4320, 1575, 2182, 7419, 1719, 2504, 1968, 2500, 7565, 1014, 2783, 7359, 3914, 3963, 8969, 299, 6108, 11004, 206, 5926, 3220, 1437, 11719, 4156, 8608, 295, 3135, 73, 1782, 4376, 1446, 13712, 2025, 9754]"
"[1340, 851, 2736, 2304, 6950, 5510, 3025, 7846, 1623, 5906, 6065, 1586, 528, 7849, 940, 1145, 1723, 1434, 1458, 2202, 8524, 9138, 9866, 2471, 5544, 907, 1244, 6967, 6454, 465, 7473, 8227, 2490, 3564, 3008, 10618, 5459, 586, 6483, 535, 8545, 11874, 4089, 11908, 2786, 1779, 7097, 7417, 3335, 12020, 6047, 448, 622, 3134, 7780, 2635, 904, 1186, 5469, 886, 5905, 11177, 6311, 3633, 3846, 552, 3786, 1832, 4341, 298, 7105, 9164, 2590, 3506, 5903, 8116, 5939, 5519, 8774, 11804, 8446, 3869, 6424, 3037, 13342, 1837, 2643, 3184, 5449, 1751, 11892, 6761, 6994, 8746, 2712, 3087, 12046, 7579, 11141, 5722, 6947, 6183, 1166, 398, 1640, 359, 3240, 2112, 11829, 1599, 2409, 12007, 6878, 8298, 11181, 13188, 6928, 11884, 577, 543, 13777, 3129, 500, 3924, 1176, 5790, 5529, 2222, 4008, 5890, 5422, 6274, 11088, 3144, 8958, 1435, 11901, 1817, 1774, 1971, 517, 885, 2001, 6446, 8077, 1285, 1825, 7070, 3242, 1407, 294, 3669, 3036, 6974, 5554, 3928, 3136, 6922, 5697, 7651, 6519, 3361, 1904, 11947, 6060, 673, 11685, 2573, 738, 1665, 6363, 2399, 2937, 3391, 9126, 3864, 3445, 3323, 2659, 3181, 5547, 7206, 3670, 2219, 13600, 11894, 3761, 2812, 4275, 2166, 8946, 2156, 1213, 1749, 6775, 2061, 3488, 3149, 10103, 207, 3859, 11888, 628, 2041, 6489, 3826, 2862, 9860, 125, 8780, 7976, 13602, 2610, 978, 5414, 3092, 3452, 2949, 9848, 13771, 537, 848, 11855, 7590, 3767, 12931, 7767, 3866, 6056, 1149, 714, 2969, 3607, 529, 6019, 3395, 3975, 11977, 7496, 11857, 1225, 435, 133, 3855, 468, 6840, 357, 13335, 6077, 8029, 13716, 11781, 3042, 3066, 8918, 3214, 10096, 7428, 13891, 1667, 177, 5764, 1117, 1207, 6011, 66, 11407, 7048, 3842, 5553, 8280, 1385, 4257, 9409, 12038, 8319, 1278, 5464, 11921, 7817, 11786, 6429, 12941, 1428, 3739, 7775, 6146, 6898, 1035, 1000, 3287, 798, 6058, 4201, 7062, 3905, 3368, 5481, 9832, 3784, 12445, 2986, 1220, 8165, 3937, 715, 2855, 2165, 6362, 7544, 3641, 2820, 6776, 3828, 1606, 1587, 8864, 9189, 1120, 1119, 7518, 5566, 442, 1932, 8, 1273, 612, 5760, 8790, 8359, 2205, 2723, 13453, 1729, 3402, 1610, 314, 13694, 6086, 8691, 6053, 5443, 4272, 979, 1777, 8220, 8974, 5874, 6992, 7214, 2136, 7619, 1905, 2818, 902, 4357, 171, 7416, 2294, 1245, 7685, 2579, 1687, 1310, 6159, 6419, 3960, 3856, 3568, 608, 6171, 9395, 8914, 10166, 3366, 2783, 3890, 8616, 762, 557, 1330, 1048, 1721, 2496, 1836, 5834, 6157, 5578, 8666, 8468, 4161, 6186, 6162, 4301, 10163, 12002, 10750, 7419, 13355, 6041, 8219, 3794, 2289, 7009, 8039, 10151, 1336, 3724, 5621, 8779, 780, 13423, 7380, 959, 6293, 685, 12218, 9399, 101, 1975, 8115, 13830, 2623, 3297, 6911, 13458, 2929, 6226, 6388, 1128, 9821, 4175, 779, 7016, 2066, 2113, 2284, 999, 2625, 13416, 1973, 3769, 8526, 22, 3753, 2992, 6206, 4296, 3379, 509]"
"[2071, 3125, 11853, 5704, 13072, 5404, 5618, 5788, 3258, 2081, 494, 3822, 872, 5422, 3685, 750, 8467, 11843, 13360, 4061, 6722, 7437, 11991, 335, 3509, 408, 2063, 402, 3323, 3147, 3654, 3152, 6177, 1985, 6786, 11761, 585, 4078, 6285, 705, 1187, 4354, 12037, 2669, 13497, 2872, 500, 7346, 13626, 6138, 3810, 10, 9138, 1066, 2166, 3335, 13431, 1493, 359, 4302, 308, 2494, 9388, 5906, 1107, 5678, 2734, 5468, 12057, 8353, 2299, 6276, 11075, 8165, 4058, 7199, 2319, 11850, 7979, 1794, 1402, 7575, 2722, 1083, 6315, 13719, 7872, 1976, 6081, 7982, 6739, 6223, 12019, 10166, 3923, 254, 11985, 2538, 5873, 8035, 3850, 1676, 6288, 7443, 11944, 41, 7082, 6195, 3629, 8359, 4309, 2549, 640, 3081, 5937, 1256, 5429, 1567, 7354, 11953, 8670, 2937, 10747, 728, 3769, 9237, 1313, 3647, 7948, 12030, 2488, 726, 6347, 79, 5517, 29, 6043, 6838, 13114, 3346, 2548, 1380, 6061, 9255, 6837, 1883, 11452, 4293, 11078, 143, 5580, 3433, 1048, 12056, 6250, 5437, 7037, 680, 6917, 8055, 5925, 476, 14109, 62, 4091, 1792, 5588, 3555, 2603, 12055, 131, 2834, 7729, 6071, 8091, 6319, 13573, 13426, 2663, 2193, 9860, 1905, 3311, 9777, 3058, 2550, 8855, 1423, 3566, 2820, 6318, 6723, 238, 13230, 4280, 7846, 5789, 8950, 4130, 6054, 1593, 12796, 11937, 9844, 6183, 2579, 10744, 1937, 2355, 2051, 1010, 8140, 5626, 573, 922, 517, 3632, 6252, 6207, 4368, 11431, 5507, 7565, 7978, 13489, 3739, 9419, 9818, 867, 9786, 6227, 2229, 3801, 3913, 1053, 9904, 5881, 3005, 8982, 3556, 601, 3859, 466, 2375, 11209, 4040, 1194, 6939, 1770, 8971, 8821, 557, 11139, 7203, 11140, 3582, 5709, 9776, 2897, 11077, 13514, 6358, 1814, 10611, 8112, 11835, 2261, 7053, 1760, 11956, 11921, 6124, 175, 3841, 580, 1579, 5494, 1989, 3793, 3181, 1990, 5644, 2922, 2189, 727, 7894, 2215, 1816, 8042, 1943, 2800, 7646, 1750, 4286, 6870, 2202, 11827, 3551, 7208, 1662, 11995, 2772, 5941, 8257, 393, 3675, 11988, 6027, 7720, 5493, 4180, 578, 8780, 6302, 8407, 3270, 8474, 2658, 6973, 7018, 7903, 11722, 2242, 1034, 625, 7831, 169, 4331, 629, 2879, 5844, 2044, 4342, 1291, 1759, 4261, 8505, 13550, 3395, 5504, 9778, 14108, 633, 11755, 10800, 5496, 192, 1920, 9799, 4021, 1978, 13721, 2578, 2185, 6767, 5579, 2271, 8243, 1134, 467, 6007, 3466, 8723, 946, 4170, 6264, 7421, 1998, 3090, 7111, 12110, 3489, 1682, 6749, 569, 8347, 13548, 11545, 7928, 11211, 362, 3869, 1977, 1293, 1398, 5878, 3603, 919, 3041, 3975, 11929, 556, 3421, 6121, 10154, 10171, 1793, 13821, 2741, 7413, 215, 1354, 2007, 7116, 7481, 3659, 2910, 3392, 3592, 3749, 4160, 7010, 4349, 2409, 3626, 12361, 5431, 2490, 3893, 2246, 9251, 8824, 11837, 9062, 6876, 6911, 2042, 5991, 1412, 9749, 5649, 13756, 6454, 1756, 10096, 5591, 6260, 11072, 1435, 3411, 3911, 1975, 4276, 6483, 4275, 2342, 165, 4222, 8432, 8989]"
